run_id,gallery_portal,gallery_session,probe_portal,probe_session,camera,scope,correct,false_reject,misidentified,not_enrolled,false_accept,probe_images,closed_set,gt_face_frames,gt_faces,matched_faces,missed_faces,total_detections,spurious_detections,empty_frames,empty_frames_with_detections
run-p1l-s1,P1L,S1,P1L,S2,C1,same_portal_cross_session,1981,0,0,0,0,1981,1981,1981,1981,1981,0,3217,1236,1782,1236
run-p1l-s1,P1L,S1,P1L,S2,C2,same_portal_cross_session,1719,0,0,0,0,1719,1719,1719,1719,1719,0,1906,187,2044,187
run-p1l-s1,P1L,S1,P1L,S2,C3,same_portal_cross_session,1011,0,0,0,0,1011,1011,1011,1011,1011,0,1174,163,2752,163
run-p1l-s1,P1L,S1,P1L,S3,C1,same_portal_cross_session,1976,0,0,0,0,1976,1976,1976,1976,1976,0,3364,1388,2052,1380
run-p1l-s1,P1L,S1,P1L,S3,C2,same_portal_cross_session,1843,0,0,0,0,1843,1843,1843,1843,1843,0,2061,218,2185,204
run-p1l-s1,P1L,S1,P1L,S3,C3,same_portal_cross_session,1205,0,0,0,0,1205,1205,1205,1205,1205,0,1383,178,2823,178
run-p1l-s1,P1L,S1,P1L,S4,C1,same_portal_cross_session,2011,0,0,0,0,2011,2011,2011,2011,2011,0,3235,1224,1817,1224
run-p1l-s1,P1L,S1,P1L,S4,C2,same_portal_cross_session,1758,2,0,0,0,1760,1760,1760,1760,1759,1,1943,184,2068,184
run-p1l-s1,P1L,S1,P1L,S4,C3,same_portal_cross_session,962,0,0,0,0,962,962,962,962,962,0,1152,190,2866,190
run-p1l-s1,P1L,S1,P2E,S1,C1,cross_portal,255,14,0,76,0,345,269,345,345,345,0,648,303,2581,303
run-p1l-s1,P1L,S1,P2E,S1,C2,cross_portal,1360,33,0,222,0,1615,1393,1615,1615,1615,0,2015,400,1311,400
run-p1l-s1,P1L,S1,P2E,S1,C3,cross_portal,1451,23,0,243,0,1717,1474,1717,1717,1717,0,2244,527,1209,238
run-p1l-s1,P1L,S1,P2E,S2,C1,cross_portal,1112,29,0,175,0,1316,1141,1316,1316,1316,0,1617,301,1598,301
run-p1l-s1,P1L,S1,P2E,S2,C2,cross_portal,1657,48,0,249,0,1954,1705,1954,1954,1954,0,2294,340,960,340
run-p1l-s1,P1L,S1,P2E,S2,C3,cross_portal,1289,55,0,194,0,1538,1344,1538,1538,1538,0,2026,488,1376,259
run-p1l-s1,P1L,S1,P2E,S3,C1,cross_portal,1896,16,0,324,0,2236,1912,2236,2236,2234,2,5831,3597,2773,1951
run-p1l-s1,P1L,S1,P2E,S3,C2,cross_portal,1522,11,0,243,0,1776,1533,1776,1776,1776,0,4220,2444,3233,2391
run-p1l-s1,P1L,S1,P2E,S3,C3,cross_portal,851,54,0,127,0,1032,905,1032,1032,1032,0,3453,2421,3977,1897
run-p1l-s1,P1L,S1,P2E,S4,C1,cross_portal,1628,65,0,271,0,1964,1693,1964,1964,1964,0,4988,3024,2788,1974
run-p1l-s1,P1L,S1,P2E,S4,C2,cross_portal,1726,69,0,282,0,2077,1795,2077,2077,2077,0,4172,2095,2675,2068
run-p1l-s1,P1L,S1,P2E,S4,C3,cross_portal,1201,81,0,193,0,1475,1282,1475,1475,1475,0,3597,2122,3277,1544
run-p1l-s2,P1L,S2,P1L,S1,C1,same_portal_cross_session,1798,1,0,0,0,1799,1799,1799,1799,1798,1,3055,1257,1759,1240
run-p1l-s2,P1L,S2,P1L,S1,C2,same_portal_cross_session,1523,1,0,0,0,1524,1524,1524,1524,1523,1,1702,179,2034,178
run-p1l-s2,P1L,S2,P1L,S1,C3,same_portal_cross_session,579,1,0,0,0,580,580,580,580,579,1,928,349,2978,349
run-p1l-s2,P1L,S2,P1L,S3,C1,same_portal_cross_session,1975,1,0,0,0,1976,1976,1976,1976,1976,0,3364,1388,2052,1380
run-p1l-s2,P1L,S2,P1L,S3,C2,same_portal_cross_session,1843,0,0,0,0,1843,1843,1843,1843,1843,0,2061,218,2185,204
run-p1l-s2,P1L,S2,P1L,S3,C3,same_portal_cross_session,1205,0,0,0,0,1205,1205,1205,1205,1205,0,1383,178,2823,178
run-p1l-s2,P1L,S2,P1L,S4,C1,same_portal_cross_session,2011,0,0,0,0,2011,2011,2011,2011,2011,0,3235,1224,1817,1224
run-p1l-s2,P1L,S2,P1L,S4,C2,same_portal_cross_session,1758,2,0,0,0,1760,1760,1760,1760,1759,1,1943,184,2068,184
run-p1l-s2,P1L,S2,P1L,S4,C3,same_portal_cross_session,962,0,0,0,0,962,962,962,962,962,0,1152,190,2866,190
run-p1l-s2,P1L,S2,P2E,S1,C1,cross_portal,261,8,0,76,0,345,269,345,345,345,0,648,303,2581,303
run-p1l-s2,P1L,S2,P2E,S1,C2,cross_portal,1384,9,0,222,0,1615,1393,1615,1615,1615,0,2015,400,1311,400
run-p1l-s2,P1L,S2,P2E,S1,C3,cross_portal,1470,4,0,243,0,1717,1474,1717,1717,1717,0,2244,527,1209,238
run-p1l-s2,P1L,S2,P2E,S2,C1,cross_portal,1127,14,0,175,0,1316,1141,1316,1316,1316,0,1617,301,1598,301
run-p1l-s2,P1L,S2,P2E,S2,C2,cross_portal,1670,35,0,249,0,1954,1705,1954,1954,1954,0,2294,340,960,340
run-p1l-s2,P1L,S2,P2E,S2,C3,cross_portal,1305,39,0,194,0,1538,1344,1538,1538,1538,0,2026,488,1376,259
run-p1l-s2,P1L,S2,P2E,S3,C1,cross_portal,1892,20,0,324,0,2236,1912,2236,2236,2234,2,5831,3597,2773,1951
run-p1l-s2,P1L,S2,P2E,S3,C2,cross_portal,1523,10,0,243,0,1776,1533,1776,1776,1776,0,4220,2444,3233,2391
run-p1l-s2,P1L,S2,P2E,S3,C3,cross_portal,840,65,0,127,0,1032,905,1032,1032,1032,0,3453,2421,3977,1897
run-p1l-s2,P1L,S2,P2E,S4,C1,cross_portal,1629,64,0,271,0,1964,1693,1964,1964,1964,0,4988,3024,2788,1974
run-p1l-s2,P1L,S2,P2E,S4,C2,cross_portal,1736,59,0,282,0,2077,1795,2077,2077,2077,0,4172,2095,2675,2068
run-p1l-s2,P1L,S2,P2E,S4,C3,cross_portal,1214,68,0,193,0,1475,1282,1475,1475,1475,0,3597,2122,3277,1544
run-p1l-s3,P1L,S3,P1L,S1,C1,same_portal_cross_session,1798,1,0,0,0,1799,1799,1799,1799,1798,1,3055,1257,1759,1240
run-p1l-s3,P1L,S3,P1L,S1,C2,same_portal_cross_session,1521,3,0,0,0,1524,1524,1524,1524,1523,1,1702,179,2034,178
run-p1l-s3,P1L,S3,P1L,S1,C3,same_portal_cross_session,579,1,0,0,0,580,580,580,580,579,1,928,349,2978,349
run-p1l-s3,P1L,S3,P1L,S2,C1,same_portal_cross_session,1981,0,0,0,0,1981,1981,1981,1981,1981,0,3217,1236,1782,1236
run-p1l-s3,P1L,S3,P1L,S2,C2,same_portal_cross_session,1719,0,0,0,0,1719,1719,1719,1719,1719,0,1906,187,2044,187
run-p1l-s3,P1L,S3,P1L,S2,C3,same_portal_cross_session,1011,0,0,0,0,1011,1011,1011,1011,1011,0,1174,163,2752,163
run-p1l-s3,P1L,S3,P1L,S4,C1,same_portal_cross_session,2011,0,0,0,0,2011,2011,2011,2011,2011,0,3235,1224,1817,1224
run-p1l-s3,P1L,S3,P1L,S4,C2,same_portal_cross_session,1757,3,0,0,0,1760,1760,1760,1760,1759,1,1943,184,2068,184
run-p1l-s3,P1L,S3,P1L,S4,C3,same_portal_cross_session,962,0,0,0,0,962,962,962,962,962,0,1152,190,2866,190
run-p1l-s3,P1L,S3,P2E,S1,C1,cross_portal,250,19,0,76,0,345,269,345,345,345,0,648,303,2581,303
run-p1l-s3,P1L,S3,P2E,S1,C2,cross_portal,1345,48,0,222,0,1615,1393,1615,1615,1615,0,2015,400,1311,400
run-p1l-s3,P1L,S3,P2E,S1,C3,cross_portal,1441,33,0,243,0,1717,1474,1717,1717,1717,0,2244,527,1209,238
run-p1l-s3,P1L,S3,P2E,S2,C1,cross_portal,1119,22,0,175,0,1316,1141,1316,1316,1316,0,1617,301,1598,301
run-p1l-s3,P1L,S3,P2E,S2,C2,cross_portal,1638,67,0,249,0,1954,1705,1954,1954,1954,0,2294,340,960,340
run-p1l-s3,P1L,S3,P2E,S2,C3,cross_portal,1271,73,0,194,0,1538,1344,1538,1538,1538,0,2026,488,1376,259
run-p1l-s3,P1L,S3,P2E,S3,C1,cross_portal,1895,17,0,324,0,2236,1912,2236,2236,2234,2,5831,3597,2773,1951
run-p1l-s3,P1L,S3,P2E,S3,C2,cross_portal,1522,11,0,243,0,1776,1533,1776,1776,1776,0,4220,2444,3233,2391
run-p1l-s3,P1L,S3,P2E,S3,C3,cross_portal,834,71,0,127,0,1032,905,1032,1032,1032,0,3453,2421,3977,1897
run-p1l-s3,P1L,S3,P2E,S4,C1,cross_portal,1633,60,0,271,0,1964,1693,1964,1964,1964,0,4988,3024,2788,1974
run-p1l-s3,P1L,S3,P2E,S4,C2,cross_portal,1740,55,0,282,0,2077,1795,2077,2077,2077,0,4172,2095,2675,2068
run-p1l-s3,P1L,S3,P2E,S4,C3,cross_portal,1212,70,0,193,0,1475,1282,1475,1475,1475,0,3597,2122,3277,1544
run-p1l-s4,P1L,S4,P1L,S1,C1,same_portal_cross_session,1798,1,0,0,0,1799,1799,1799,1799,1798,1,3055,1257,1759,1240
run-p1l-s4,P1L,S4,P1L,S1,C2,same_portal_cross_session,1523,1,0,0,0,1524,1524,1524,1524,1523,1,1702,179,2034,178
run-p1l-s4,P1L,S4,P1L,S1,C3,same_portal_cross_session,579,1,0,0,0,580,580,580,580,579,1,928,349,2978,349
run-p1l-s4,P1L,S4,P1L,S2,C1,same_portal_cross_session,1981,0,0,0,0,1981,1981,1981,1981,1981,0,3217,1236,1782,1236
run-p1l-s4,P1L,S4,P1L,S2,C2,same_portal_cross_session,1719,0,0,0,0,1719,1719,1719,1719,1719,0,1906,187,2044,187
run-p1l-s4,P1L,S4,P1L,S2,C3,same_portal_cross_session,1011,0,0,0,0,1011,1011,1011,1011,1011,0,1174,163,2752,163
run-p1l-s4,P1L,S4,P1L,S3,C1,same_portal_cross_session,1976,0,0,0,0,1976,1976,1976,1976,1976,0,3364,1388,2052,1380
run-p1l-s4,P1L,S4,P1L,S3,C2,same_portal_cross_session,1843,0,0,0,0,1843,1843,1843,1843,1843,0,2061,218,2185,204
run-p1l-s4,P1L,S4,P1L,S3,C3,same_portal_cross_session,1205,0,0,0,0,1205,1205,1205,1205,1205,0,1383,178,2823,178
run-p1l-s4,P1L,S4,P2E,S1,C1,cross_portal,247,22,0,76,0,345,269,345,345,345,0,648,303,2581,303
run-p1l-s4,P1L,S4,P2E,S1,C2,cross_portal,1344,49,0,222,0,1615,1393,1615,1615,1615,0,2015,400,1311,400
run-p1l-s4,P1L,S4,P2E,S1,C3,cross_portal,1434,40,0,243,0,1717,1474,1717,1717,1717,0,2244,527,1209,238
run-p1l-s4,P1L,S4,P2E,S2,C1,cross_portal,1108,33,0,175,0,1316,1141,1316,1316,1316,0,1617,301,1598,301
run-p1l-s4,P1L,S4,P2E,S2,C2,cross_portal,1643,62,0,249,0,1954,1705,1954,1954,1954,0,2294,340,960,340
run-p1l-s4,P1L,S4,P2E,S2,C3,cross_portal,1279,65,0,194,0,1538,1344,1538,1538,1538,0,2026,488,1376,259
run-p1l-s4,P1L,S4,P2E,S3,C1,cross_portal,1893,19,0,324,0,2236,1912,2236,2236,2234,2,5831,3597,2773,1951
run-p1l-s4,P1L,S4,P2E,S3,C2,cross_portal,1521,12,0,243,0,1776,1533,1776,1776,1776,0,4220,2444,3233,2391
run-p1l-s4,P1L,S4,P2E,S3,C3,cross_portal,842,63,0,127,0,1032,905,1032,1032,1032,0,3453,2421,3977,1897
run-p1l-s4,P1L,S4,P2E,S4,C1,cross_portal,1630,63,0,271,0,1964,1693,1964,1964,1964,0,4988,3024,2788,1974
run-p1l-s4,P1L,S4,P2E,S4,C2,cross_portal,1722,73,0,282,0,2077,1795,2077,2077,2077,0,4172,2095,2675,2068
run-p1l-s4,P1L,S4,P2E,S4,C3,cross_portal,1202,80,0,193,0,1475,1282,1475,1475,1475,0,3597,2122,3277,1544
run-p2e-s1,P2E,S1,P1L,S1,C1,cross_portal,1796,3,0,0,0,1799,1799,1799,1799,1798,1,3055,1257,1759,1240
run-p2e-s1,P2E,S1,P1L,S1,C2,cross_portal,1513,11,0,0,0,1524,1524,1524,1524,1523,1,1702,179,2034,178
run-p2e-s1,P2E,S1,P1L,S1,C3,cross_portal,574,6,0,0,0,580,580,580,580,579,1,928,349,2978,349
run-p2e-s1,P2E,S1,P1L,S2,C1,cross_portal,1962,19,0,0,0,1981,1981,1981,1981,1981,0,3217,1236,1782,1236
run-p2e-s1,P2E,S1,P1L,S2,C2,cross_portal,1706,13,0,0,0,1719,1719,1719,1719,1719,0,1906,187,2044,187
run-p2e-s1,P2E,S1,P1L,S2,C3,cross_portal,1009,2,0,0,0,1011,1011,1011,1011,1011,0,1174,163,2752,163
run-p2e-s1,P2E,S1,P1L,S3,C1,cross_portal,1950,26,0,0,0,1976,1976,1976,1976,1976,0,3364,1388,2052,1380
run-p2e-s1,P2E,S1,P1L,S3,C2,cross_portal,1819,24,0,0,0,1843,1843,1843,1843,1843,0,2061,218,2185,204
run-p2e-s1,P2E,S1,P1L,S3,C3,cross_portal,1202,3,0,0,0,1205,1205,1205,1205,1205,0,1383,178,2823,178
run-p2e-s1,P2E,S1,P1L,S4,C1,cross_portal,1998,13,0,0,0,2011,2011,2011,2011,2011,0,3235,1224,1817,1224
run-p2e-s1,P2E,S1,P1L,S4,C2,cross_portal,1743,17,0,0,0,1760,1760,1760,1760,1759,1,1943,184,2068,184
run-p2e-s1,P2E,S1,P1L,S4,C3,cross_portal,954,8,0,0,0,962,962,962,962,962,0,1152,190,2866,190
run-p2e-s1,P2E,S1,P2E,S2,C1,same_portal_cross_session,1316,0,0,0,0,1316,1316,1316,1316,1316,0,1617,301,1598,301
run-p2e-s1,P2E,S1,P2E,S2,C2,same_portal_cross_session,1954,0,0,0,0,1954,1954,1954,1954,1954,0,2294,340,960,340
run-p2e-s1,P2E,S1,P2E,S2,C3,same_portal_cross_session,1535,3,0,0,0,1538,1538,1538,1538,1538,0,2026,488,1376,259
run-p2e-s1,P2E,S1,P2E,S3,C1,same_portal_cross_session,2230,6,0,0,0,2236,2236,2236,2236,2234,2,5831,3597,2773,1951
run-p2e-s1,P2E,S1,P2E,S3,C2,same_portal_cross_session,1776,0,0,0,0,1776,1776,1776,1776,1776,0,4220,2444,3233,2391
run-p2e-s1,P2E,S1,P2E,S3,C3,same_portal_cross_session,1026,6,0,0,0,1032,1032,1032,1032,1032,0,3453,2421,3977,1897
run-p2e-s1,P2E,S1,P2E,S4,C1,same_portal_cross_session,1934,30,0,0,0,1964,1964,1964,1964,1964,0,4988,3024,2788,1974
run-p2e-s1,P2E,S1,P2E,S4,C2,same_portal_cross_session,2064,13,0,0,0,2077,2077,2077,2077,2077,0,4172,2095,2675,2068
run-p2e-s1,P2E,S1,P2E,S4,C3,same_portal_cross_session,1458,17,0,0,0,1475,1475,1475,1475,1475,0,3597,2122,3277,1544
run-p2e-s2,P2E,S2,P1L,S1,C1,cross_portal,1795,4,0,0,0,1799,1799,1799,1799,1798,1,3055,1257,1759,1240
run-p2e-s2,P2E,S2,P1L,S1,C2,cross_portal,1514,10,0,0,0,1524,1524,1524,1524,1523,1,1702,179,2034,178
run-p2e-s2,P2E,S2,P1L,S1,C3,cross_portal,576,4,0,0,0,580,580,580,580,579,1,928,349,2978,349
run-p2e-s2,P2E,S2,P1L,S2,C1,cross_portal,1957,24,0,0,0,1981,1981,1981,1981,1981,0,3217,1236,1782,1236
run-p2e-s2,P2E,S2,P1L,S2,C2,cross_portal,1695,24,0,0,0,1719,1719,1719,1719,1719,0,1906,187,2044,187
run-p2e-s2,P2E,S2,P1L,S2,C3,cross_portal,1010,1,0,0,0,1011,1011,1011,1011,1011,0,1174,163,2752,163
run-p2e-s2,P2E,S2,P1L,S3,C1,cross_portal,1940,36,0,0,0,1976,1976,1976,1976,1976,0,3364,1388,2052,1380
run-p2e-s2,P2E,S2,P1L,S3,C2,cross_portal,1813,30,0,0,0,1843,1843,1843,1843,1843,0,2061,218,2185,204
run-p2e-s2,P2E,S2,P1L,S3,C3,cross_portal,1203,2,0,0,0,1205,1205,1205,1205,1205,0,1383,178,2823,178
run-p2e-s2,P2E,S2,P1L,S4,C1,cross_portal,2002,9,0,0,0,2011,2011,2011,2011,2011,0,3235,1224,1817,1224
run-p2e-s2,P2E,S2,P1L,S4,C2,cross_portal,1736,24,0,0,0,1760,1760,1760,1760,1759,1,1943,184,2068,184
run-p2e-s2,P2E,S2,P1L,S4,C3,cross_portal,957,5,0,0,0,962,962,962,962,962,0,1152,190,2866,190
run-p2e-s2,P2E,S2,P2E,S1,C1,same_portal_cross_session,345,0,0,0,0,345,345,345,345,345,0,648,303,2581,303
run-p2e-s2,P2E,S2,P2E,S1,C2,same_portal_cross_session,1615,0,0,0,0,1615,1615,1615,1615,1615,0,2015,400,1311,400
run-p2e-s2,P2E,S2,P2E,S1,C3,same_portal_cross_session,1717,0,0,0,0,1717,1717,1717,1717,1717,0,2244,527,1209,238
run-p2e-s2,P2E,S2,P2E,S3,C1,same_portal_cross_session,2234,2,0,0,0,2236,2236,2236,2236,2234,2,5831,3597,2773,1951
run-p2e-s2,P2E,S2,P2E,S3,C2,same_portal_cross_session,1776,0,0,0,0,1776,1776,1776,1776,1776,0,4220,2444,3233,2391
run-p2e-s2,P2E,S2,P2E,S3,C3,same_portal_cross_session,1028,4,0,0,0,1032,1032,1032,1032,1032,0,3453,2421,3977,1897
run-p2e-s2,P2E,S2,P2E,S4,C1,same_portal_cross_session,1937,27,0,0,0,1964,1964,1964,1964,1964,0,4988,3024,2788,1974
run-p2e-s2,P2E,S2,P2E,S4,C2,same_portal_cross_session,2068,9,0,0,0,2077,2077,2077,2077,2077,0,4172,2095,2675,2068
run-p2e-s2,P2E,S2,P2E,S4,C3,same_portal_cross_session,1465,10,0,0,0,1475,1475,1475,1475,1475,0,3597,2122,3277,1544
run-p2e-s3,P2E,S3,P1L,S1,C1,cross_portal,1794,5,0,0,0,1799,1799,1799,1799,1798,1,3055,1257,1759,1240
run-p2e-s3,P2E,S3,P1L,S1,C2,cross_portal,1511,13,0,0,0,1524,1524,1524,1524,1523,1,1702,179,2034,178
run-p2e-s3,P2E,S3,P1L,S1,C3,cross_portal,579,1,0,0,0,580,580,580,580,579,1,928,349,2978,349
run-p2e-s3,P2E,S3,P1L,S2,C1,cross_portal,1957,24,0,0,0,1981,1981,1981,1981,1981,0,3217,1236,1782,1236
run-p2e-s3,P2E,S3,P1L,S2,C2,cross_portal,1700,19,0,0,0,1719,1719,1719,1719,1719,0,1906,187,2044,187
run-p2e-s3,P2E,S3,P1L,S2,C3,cross_portal,1007,4,0,0,0,1011,1011,1011,1011,1011,0,1174,163,2752,163
run-p2e-s3,P2E,S3,P1L,S3,C1,cross_portal,1963,13,0,0,0,1976,1976,1976,1976,1976,0,3364,1388,2052,1380
run-p2e-s3,P2E,S3,P1L,S3,C2,cross_portal,1824,19,0,0,0,1843,1843,1843,1843,1843,0,2061,218,2185,204
run-p2e-s3,P2E,S3,P1L,S3,C3,cross_portal,1204,1,0,0,0,1205,1205,1205,1205,1205,0,1383,178,2823,178
run-p2e-s3,P2E,S3,P1L,S4,C1,cross_portal,2005,6,0,0,0,2011,2011,2011,2011,2011,0,3235,1224,1817,1224
run-p2e-s3,P2E,S3,P1L,S4,C2,cross_portal,1748,12,0,0,0,1760,1760,1760,1760,1759,1,1943,184,2068,184
run-p2e-s3,P2E,S3,P1L,S4,C3,cross_portal,962,0,0,0,0,962,962,962,962,962,0,1152,190,2866,190
run-p2e-s3,P2E,S3,P2E,S1,C1,same_portal_cross_session,345,0,0,0,0,345,345,345,345,345,0,648,303,2581,303
run-p2e-s3,P2E,S3,P2E,S1,C2,same_portal_cross_session,1615,0,0,0,0,1615,1615,1615,1615,1615,0,2015,400,1311,400
run-p2e-s3,P2E,S3,P2E,S1,C3,same_portal_cross_session,1717,0,0,0,0,1717,1717,1717,1717,1717,0,2244,527,1209,238
run-p2e-s3,P2E,S3,P2E,S2,C1,same_portal_cross_session,1315,1,0,0,0,1316,1316,1316,1316,1316,0,1617,301,1598,301
run-p2e-s3,P2E,S3,P2E,S2,C2,same_portal_cross_session,1952,2,0,0,0,1954,1954,1954,1954,1954,0,2294,340,960,340
run-p2e-s3,P2E,S3,P2E,S2,C3,same_portal_cross_session,1527,11,0,0,0,1538,1538,1538,1538,1538,0,2026,488,1376,259
run-p2e-s3,P2E,S3,P2E,S4,C1,same_portal_cross_session,1948,16,0,0,0,1964,1964,1964,1964,1964,0,4988,3024,2788,1974
run-p2e-s3,P2E,S3,P2E,S4,C2,same_portal_cross_session,2071,6,0,0,0,2077,2077,2077,2077,2077,0,4172,2095,2675,2068
run-p2e-s3,P2E,S3,P2E,S4,C3,same_portal_cross_session,1466,9,0,0,0,1475,1475,1475,1475,1475,0,3597,2122,3277,1544
run-p2e-s4,P2E,S4,P1L,S1,C1,cross_portal,1789,10,0,0,0,1799,1799,1799,1799,1798,1,3055,1257,1759,1240
run-p2e-s4,P2E,S4,P1L,S1,C2,cross_portal,1508,16,0,0,0,1524,1524,1524,1524,1523,1,1702,179,2034,178
run-p2e-s4,P2E,S4,P1L,S1,C3,cross_portal,579,1,0,0,0,580,580,580,580,579,1,928,349,2978,349
run-p2e-s4,P2E,S4,P1L,S2,C1,cross_portal,1949,32,0,0,0,1981,1981,1981,1981,1981,0,3217,1236,1782,1236
run-p2e-s4,P2E,S4,P1L,S2,C2,cross_portal,1680,39,0,0,0,1719,1719,1719,1719,1719,0,1906,187,2044,187
run-p2e-s4,P2E,S4,P1L,S2,C3,cross_portal,1009,2,0,0,0,1011,1011,1011,1011,1011,0,1174,163,2752,163
run-p2e-s4,P2E,S4,P1L,S3,C1,cross_portal,1939,37,0,0,0,1976,1976,1976,1976,1976,0,3364,1388,2052,1380
run-p2e-s4,P2E,S4,P1L,S3,C2,cross_portal,1816,27,0,0,0,1843,1843,1843,1843,1843,0,2061,218,2185,204
run-p2e-s4,P2E,S4,P1L,S3,C3,cross_portal,1204,1,0,0,0,1205,1205,1205,1205,1205,0,1383,178,2823,178
run-p2e-s4,P2E,S4,P1L,S4,C1,cross_portal,2005,6,0,0,0,2011,2011,2011,2011,2011,0,3235,1224,1817,1224
run-p2e-s4,P2E,S4,P1L,S4,C2,cross_portal,1730,30,0,0,0,1760,1760,1760,1760,1759,1,1943,184,2068,184
run-p2e-s4,P2E,S4,P1L,S4,C3,cross_portal,961,1,0,0,0,962,962,962,962,962,0,1152,190,2866,190
run-p2e-s4,P2E,S4,P2E,S1,C1,same_portal_cross_session,345,0,0,0,0,345,345,345,345,345,0,648,303,2581,303
run-p2e-s4,P2E,S4,P2E,S1,C2,same_portal_cross_session,1615,0,0,0,0,1615,1615,1615,1615,1615,0,2015,400,1311,400
run-p2e-s4,P2E,S4,P2E,S1,C3,same_portal_cross_session,1717,0,0,0,0,1717,1717,1717,1717,1717,0,2244,527,1209,238
run-p2e-s4,P2E,S4,P2E,S2,C1,same_portal_cross_session,1314,2,0,0,0,1316,1316,1316,1316,1316,0,1617,301,1598,301
run-p2e-s4,P2E,S4,P2E,S2,C2,same_portal_cross_session,1951,3,0,0,0,1954,1954,1954,1954,1954,0,2294,340,960,340
run-p2e-s4,P2E,S4,P2E,S2,C3,same_portal_cross_session,1534,4,0,0,0,1538,1538,1538,1538,1538,0,2026,488,1376,259
run-p2e-s4,P2E,S4,P2E,S3,C1,same_portal_cross_session,2233,3,0,0,0,2236,2236,2236,2236,2234,2,5831,3597,2773,1951
run-p2e-s4,P2E,S4,P2E,S3,C2,same_portal_cross_session,1776,0,0,0,0,1776,1776,1776,1776,1776,0,4220,2444,3233,2391
run-p2e-s4,P2E,S4,P2E,S3,C3,same_portal_cross_session,1031,1,0,0,0,1032,1032,1032,1032,1032,0,3453,2421,3977,1897
